{"cameraMode":{"drawMode":0,"name":"Shaded","section":"Shading Mode"},"sceneLighting":true,"audioPlay":false,"sceneViewState":{"m_AlwaysRefresh":false,"showFog":true,"showSkybox":true,"showFlares":true,"showImageEffects":true,"showParticleSystems":true,"showVisualEffectGraphs":true,"m_FxEnabled":true},"in2DMode":false,"pivot":{"x":-118.57872009277344,"y":145.52410888671876,"z":-136.7822723388672},"rotation":{"x":-0.41873303055763247,"y":-0.16368721425533296,"z":0.07700533419847489,"w":-0.8898718953132629},"size":2.6920926570892336,"orthographic":false}