{"cameraMode":{"drawMode":0,"name":"Shaded","section":"Shading Mode"},"sceneLighting":true,"audioPlay":false,"sceneViewState":{"m_AlwaysRefresh":false,"showFog":true,"showSkybox":true,"showFlares":true,"showImageEffects":true,"showParticleSystems":true,"showVisualEffectGraphs":true,"m_FxEnabled":true},"in2DMode":false,"pivot":{"x":-84.31818389892578,"y":4.838480472564697,"z":-53.844627380371097},"rotation":{"x":-0.2799040377140045,"y":-0.026311824098229409,"z":0.007643039338290691,"w":-0.9596068859100342},"size":2.713167905807495,"orthographic":false}